district_name,Area,population,establishments,persons_employed,employment_per_establishment,establishment_density,employment_rate
Central,21,582320,150671,599058,3.98,7174.81,1.0287436461052342
East,63,1709346,151799,445642,2.94,2409.51,0.2607090665084775
New Delhi,35,142004,38153,269225,7.06,1090.09,1.8958972986676432
North,61,887978,73724,318960,4.33,1208.59,0.35919808824092486
North East,62,2241624,86597,183313,2.12,1396.73,0.08177687248173646
North West,443,3656539,93297,286189,3.07,210.6,0.07826772803462509
South,247,2731929,132175,497866,3.77,535.12,0.18223972877772446
South West,421,2292958,42166,105954,2.51,100.16,0.046208434694399114
West,130,2543243,106726,313574,2.94,820.97,0.12329690871065015
